"","dumpster","year","month","day","weight_tons","volume_cubic_yards","plastic_bottles","polystyrene","cigarette_butts","glass_bottles","plastic_bags","wrappers","sports_balls","homes_powered"
"1","mr_1","2014","May","16",4.31,18,1450,1820,126000,72,584,1162,7.2,71.8333333333333
"2","mr_2","2014","May","16",2.74,13,1120,1030,91000,42,496,874,5.2,45.6666666666667
"3","mr_3","2014","May","16",3.45,15,2450,3100,105000,50,1080,2032,6,57.5
"4","mr_4","2014","May","17",3.1,15,2380,2730,100000,52,896,1971,6,51.6666666666667
"5","mr_5","2014","May","17",4.06,18,980,870,120000,72,368,753,7.2,67.6666666666667
"6","mr_6","2014","May","20",2.71,13,1430,2140,90000,46,672,1144,5.2,45.1666666666667
"7","mr_7","2014","May","21",1.91,8,910,1090,56000,32,416,692,3.2,31.8333333333333
"8","mr_8","2014","May","28",3.7,16,3580,4310,112000,58,1552,3015,6.4,61.6666666666667
"9","mr_9","2014","June","05",2.52,14,2400,2790,98000,49,984,1988,5.6,42
"10","mr_10","2014","June","11",3.76,18,1340,1730,130000,75,448,1066,7.2,62.6666666666667
"11","mr_11","2014","June","11",3.43,15,740,869,110000,38,344,544,6,57.1666666666667
"12","mr_12","2014","June","12",4.17,19,950,1140,133000,45,520,727,7.6,69.5
"13","mr_13","2014","June","13",5.13,15,530,630,104000,58,224,361,6,85.5
"14","mr_14","2014","June","13",4.17,15,840,760,100000,62,344,631,6,69.5
"15","mr_15","2014","June","19",3.28,15,1130,1350,102000,64,432,883,6,54.6666666666667
"16","mr_16","2014","June","19",3.05,15,1640,2130,106000,56,752,1327,6,50.8333333333333
"17","mr_17","2014","June","28",2.49,13,1350,1620,89000,47,696,1075,5.2,41.5
"18","mr_18","2014","July","03",2.54,15,1640,1960,108000,65,744,1327,6,42.3333333333333
"19","mr_19","2014","July","07",2.41,15,1730,2100,107000,63,896,1405,6,40.1666666666667
"20","mr_20","2014","July","11",3.83,18,5960,6540,132000,79,2560,5085,7.2,63.8333333333333
"21","mr_21","2014","July","14",2.73,15,2170,2620,112000,32,1144,1788,6,45.5
"22","mr_22","2014","July","15",4.4,16,1930,2210,115000,53,688,1579,6.4,73.3333333333333
"23","mr_23","2014","July","15",2.79,14,3200,3840,98000,25,1464,2684,5.6,46.5
"24","mr_24","2014","July","25",2.5,13,2500,3040,85000,18,1248,2075,5.2,41.6666666666667
"25","mr_25","2014","August","04",4.39,16,2140,2050,118000,68,904,1762,6.4,73.1666666666667
"26","mr_26","2014","August","04",5.33,17,1630,1950,123000,75,512,1318,6.8,88.8333333333333
"27","mr_27","2014","August","13",3.58,20,3640,4360,141000,82,1560,3067,8,59.6666666666667
"28","mr_28","2014","August","13",3.1,17,1430,1870,121000,63,552,1144,6.8,51.6666666666667
"29","mr_29","2014","August","19",1.77,10,570,780,32000,21,310,1440,4,29.5
"30","mr_30","2014","September","03",3.76,18,4800,3640,310000,110,1880,2200,7.2,62.6666666666667
"31","mr_31","2014","September","24",1.24,8,550,860,18000,11,420,1040,3.2,20.6666666666667
"32","mr_32","2014","September","26",3.14,15,2240,2880,112000,42,1200,1860,6,52.3333333333333
"33","mr_33","2014","October","03",2.71,16,4220,4840,84000,38,1400,2140,6.4,45.1666666666667
"34","mr_34","2014","October","09",2.11,14,1400,1650,80000,18,1450,2030,5.6,35.1666666666667
"35","mr_35","2014","October","20",4.09,18,2820,3010,78000,7,990,1450,7.2,68.1666666666667
"36","mr_36","2014","October","20",2.31,14,1900,2240,81000,22,840,1260,5.6,38.5
"37","mr_37","2014","October","24",3.5,15,3650,3880,94000,51,1210,1840,6,58.3333333333333
"38","mr_38","2014","November","06",2.7,15,760,1680,22000,18,960,1720,6,45
"39","mr_39","2014","November","17",3.25,18,1250,2730,46000,28,1130,2340,7.2,54.1666666666667
"40","mr_40","2014","November","20",3.84,15,880,1840,35000,14,730,1760,6,64
"41","mr_41","2014","November","28",2.88,15,1800,3970,52000,32,560,1850,6,48
"42","mr_42","2014","December","01",1.81,17,1370,3140,38000,28,950,1620,6.8,30.1666666666667
"43","mr_43","2014","December","17",3.48,15,550,1450,22000,34,740,1280,6,58
"44","mr_44","2014","December","30",3.18,15,640,1670,26000,42,880,1540,6,53
"45","mr_45","2015","January","12",2.87,17,1160,2250,31000,60,1120,2450,7,47.8333333333333
"46","mr_46","2015","January","23",2,14,1570,2400,33000,37,380,910,6,33.3333333333333
"47","mr_47","2015","January","26",2.14,13,1340,2650,28000,46,430,1170,5,35.6666666666667
"48","mr_48","2015","February","04",2.54,15,1740,2250,22000,38,320,980,3,42.3333333333333
"49","mr_49","2015","March","09",3.82,18,2870,3240,25000,26,540,860,8,63.6666666666667
"50","mr_50","2015","March","13",1.83,15,3120,5430,32000,54,650,1120,16,30.5
"51","mr_51","2015","March","27",2.02,15,2780,4980,26000,47,470,960,14,33.6666666666667
"52","mr_52","2015","April","08",2.5,18,2240,2360,27000,46,270,840,13,41.6666666666667
"53","mr_53","2015","April","10",3.41,15,2550,3420,32000,32,320,1260,16,56.8333333333333
"54","mr_54","2015","April","19",1.83,11,1470,1840,18000,22,240,680,8,30.5
"55","mr_55","2015","April","20",3.84,18,1240,1630,23000,18,430,760,5,64
"56","mr_56","2015","April","20",3.22,15,1150,1420,19000,16,370,590,8,53.6666666666667
"57","mr_57","2015","April","20",3.03,15,2850,3160,18000,15,350,610,11,50.5
"58","mr_58","2015","April","20",2.64,18,960,1280,22000,22,450,820,7,44
"59","mr_59","2015","April","20",3.54,15,870,1140,18000,17,330,620,6,59
"60","mr_60","2015","May","15",1.95,9,1340,2150,22000,16,190,530,8,32.5
"61","mr_61","2015","May","17",4.25,18,2630,3480,38000,36,1240,1760,22,70.8333333333333
"62","mr_62","2015","May","17",5.62,15,1850,3270,54000,44,970,1320,28,93.6666666666667
"63","mr_63","2015","May","18",3.81,15,2830,3780,48000,28,650,1130,19,63.5
"64","mr_64","2015","May","19",3.45,18,1740,2630,32000,16,820,1250,32,57.5
"65","mr_65","2015","May","19",3.34,15,2780,3250,37000,32,1140,1960,24,55.6666666666667
"66","mr_66","2015","June","01",2.54,15,1260,1830,56000,56,1230,2140,26,42.3333333333333
"67","mr_67","2015","June","09",4.66,18,2340,3460,48000,42,1620,1840,36,77.6666666666667
"68","mr_68","2015","June","09",3.39,15,3240,4360,33000,23,1430,1760,24,56.5
"69","mr_69","2015","June","09",3.17,15,940,1220,35000,18,840,960,9,52.8333333333333
"70","mr_70","2015","June","09",3.15,18,830,1150,37000,26,920,1050,16,52.5
"71","mr_71","2015","June","09",3.83,15,960,1190,33000,22,730,940,22,63.8333333333333
"72","mr_72","2015","June","10",4.78,15,870,1040,32000,24,820,960,17,79.6666666666667
"73","mr_73","2015","June","10",3.85,18,920,1290,34000,26,930,1020,13,64.1666666666667
"74","mr_74","2015","June","10",4.48,15,1130,1370,38000,29,1270,1450,14,74.6666666666667
"75","mr_75","2015","June","10",4.18,15,1060,1250,37000,27,1340,1420,21,69.6666666666667
"76","mr_76","2015","June","10",3.38,18,740,930,34000,19,1130,1340,15,56.3333333333333
"77","mr_77","2015","June","10",3.83,15,950,1220,35000,21,1370,1430,13,63.8333333333333
"78","mr_78","2015","June","12",3.95,15,2340,3250,65000,45,2730,3340,18,65.8333333333333
"79","mr_79","2015","June","15",2.44,18,2660,3420,72000,37,2430,3170,16,40.6666666666667
"80","mr_80","2015","June","18",2.85,15,2430,3120,68000,35,2370,2820,22,47.5
"81","mr_81","2015","June","24",3.43,15,2690,3370,82000,29,1910,2180,32,57.1666666666667
"82","mr_82","2015","June","24",4.28,18,1540,1780,45000,24,1830,1990,18,71.3333333333333
"83","mr_83","2015","June","24",3.94,15,1240,1450,37000,31,1650,1780,21,65.6666666666667
"84","mr_84","2015","June","28",3.38,15,2870,3560,68000,36,2140,2450,34,56.3333333333333
"85","mr_85","2015","June","28",3.45,18,2450,3240,74000,41,2320,2750,19,57.5
"86","mr_86","2015","June","29",3.93,15,1830,2240,36000,28,1630,2450,14,65.5
"87","mr_87","2015","July","07",4.07,15,2360,3120,82000,32,1840,2950,22,67.8333333333333
"88","mr_88","2015","July","08",3.03,18,2640,3520,68000,28,1460,2630,16,50.5
"89","mr_89","2015","July","14",3.52,15,2840,3360,65000,41,1690,2580,25,58.6666666666667
"90","mr_90","2015","July","14",3.51,15,2640,3120,76000,38,2130,2760,27,58.5
"91","mr_91","2015","July","27",3.68,18,3070,4250,82000,26,1770,2540,18,61.3333333333333
"92","mr_92","2015","July","29",3.4,15,2820,3740,75000,31,2400,2940,20,56.6666666666667
"93","mr_93","2015","August","04",3.72,15,2640,3250,68000,26,1860,2730,17,62
"94","mr_94","2015","August","18",1.84,9,870,980,34000,13,750,930,56,30.6666666666667
"95","mr_95","2015","August","21",3,15,3220,3460,67000,36,2170,2450,32,50
"96","mr_96","2015","August","25",4.33,18,1980,2190,48000,21,1600,1840,22,72.1666666666667
"97","mr_97","2015","August","25",4.3,15,410,540,3000,16,250,330,6,71.6666666666667
"98","mr_98","2015","August","26",3.39,15,640,780,32000,18,350,560,3,56.5
"99","mr_99","2015","September","11",4.08,18,2730,3140,54000,45,2430,2680,17,68
"100","mr_100","2015","September","11",3.62,15,1360,1570,26000,25,1420,1570,13,60.3333333333333
"101","mr_101","2015","September","22",2.4,7,760,1030,24000,16,780,1340,12,40
"102","mr_102","2015","September","30",4.24,18,1240,1460,46000,43,860,920,7,70.6666666666667
"103","mr_103","2015","September","30",3.31,15,800,920,32000,26,270,450,8,55.1666666666667
"104","mr_104","2015","October","12",2.9,15,2540,2780,42000,54,2230,3140,16,48.3333333333333
"105","mr_105","2015","October","27",2.46,18,2130,2560,34000,43,1970,2430,23,41
"106","mr_106","2015","October","31",2.89,15,2670,2820,36000,35,2450,2830,33,48.1666666666667
"107","mr_107","2015","November","20",4.46,15,1940,2230,28000,47,2960,3320,27,74.3333333333333
"108","mr_108","2015","December","02",3.42,18,2140,2570,19000,62,3100,3540,15,57
"109","mr_109","2015","December","02",3.56,15,1960,2340,21000,56,3300,4120,21,59.3333333333333
"110","mr_110","2015","December","23",1.92,12,1640,2150,32000,32,2430,2660,9,32
"111","mr_111","2015","December","24",2.9,18,1850,2670,33000,36,2770,3240,13,48.3333333333333
"112","mr_112","2015","December","26",3.24,15,2370,3240,24000,42,1830,2250,22,54
"113","mr_113","2015","December","26",4.41,15,2530,3300,41000,47,2190,3540,17,73.5
"114","mr_114","2015","December","26",3.39,18,2720,3690,23000,22,2520,3360,27,56.5
"115","mr_115","2015","December","26",3.27,15,2250,3180,37000,63,2740,2840,8,54.5
"116","mr_116","2016","January","10",3.6,15,3240,4160,28000,54,1360,2580,17,60
"117","mr_117","2016","February","02",4.06,18,3530,4620,24000,62,1850,2210,14,67.6666666666667
"118","mr_118","2016","February","03",2.11,15,2340,3870,31000,46,2130,2680,21,35.1666666666667
"119","mr_119","2016","February","05",3.01,15,2460,3640,27000,38,1920,2390,26,50.1666666666667
"120","mr_120","2016","February","17",3.41,18,1340,1680,24000,22,1530,1940,6,56.8333333333333
"121","mr_121","2016","February","19",3.66,15,950,1120,21000,32,1370,1640,4,61
"122","mr_122","2016","February","25",4.51,15,2240,3150,36000,46,2450,3140,16,75.1666666666667
"123","mr_123","2016","March","01",2.89,18,3050,3270,29000,24,1740,2250,24,48.1666666666667
"124","mr_124","2016","March","11",2.89,15,1630,1820,18000,37,2150,2390,23,48.1666666666667
"125","mr_125","2016","March","12",2.51,15,1120,1460,17000,43,2270,2490,18,41.8333333333333
"126","mr_126","2016","March","15",3.58,18,3340,3640,45000,48,3450,3740,46,59.6666666666667
"127","mr_127","2016","March","29",3.41,15,3560,3740,43000,53,3320,3570,38,56.8333333333333
"128","mr_128","2016","April","08",2.79,15,2460,3150,38000,46,3540,3840,24,46.5
"129","mr_129","2016","April","30",4.21,18,3860,4240,47000,18,3200,3470,36,70.1666666666667
"130","mr_130","2016","April","30",4.88,15,3230,3640,52000,27,3750,3940,42,81.3333333333333
"131","mr_131","2016","April","30",4.47,15,3760,4150,45000,40,2840,3270,23,74.5
"132","mr_132","2016","April","30",3.29,18,3640,3520,52000,33,2530,2940,34,54.8333333333333
"133","mr_133","2016","May","07",4.16,15,4230,4620,53000,34,2727,3360,38,69.3333333333333
"134","mr_134","2016","May","12",2.93,15,3590,3840,47000,42,1760,2640,26,48.8333333333333
"135","mr_135","2016","May","31",2.37,18,3740,4120,56000,65,1680,2530,32,39.5
"136","mr_136","2016","June","15",2.57,15,4200,4630,38000,53,1480,1760,43,42.8333333333333
"137","mr_137","2016","June","16",2.39,15,3840,3990,41000,32,1540,2030,38,39.8333333333333
"138","mr_138","2016","June","21",3.98,15,4350,4120,45000,42,1630,2140,24,66.3333333333333
"139","mr_139","2016","June","22",3.47,15,3960,3720,52000,38,1870,2200,35,57.8333333333333
"140","mr_140","2016","June","24",3.97,18,4150,3970,48000,41,1530,1700,26,66.1666666666667
"141","mr_141","2016","June","30",3.12,18,4450,4310,58000,43,2130,2410,29,52
"142","mr_142","2016","July","01",3.17,15,3460,3820,43000,38,2240,2670,31,52.8333333333333
"143","mr_143","2016","July","13",2.12,15,2850,3120,52000,53,1930,2150,28,35.3333333333333
"144","mr_144","2016","July","23",2.31,18,3560,3780,65000,33,2460,2520,34,38.5
"145","mr_145","2016","July","28",3.16,15,4130,4360,52000,54,2610,2900,26,52.6666666666667
"146","mr_146","2016","July","29",4.02,15,4350,4600,55000,34,2430,2780,38,67
"147","mr_147","2016","July","29",3.26,18,4420,4850,65000,48,2340,2580,25,54.3333333333333
"148","mr_148","2016","July","31",3.82,15,2130,2240,35000,45,1830,2140,16,63.6666666666667
"149","mr_149","2016","July","31",4.88,15,2450,2500,32000,33,1950,2070,24,81.3333333333333
"150","mr_150","2016","August","04",5.05,18,2300,2260,16000,28,1360,1650,15,84.1666666666667
"151","mr_151","2016","August","16",2.79,15,2850,3120,34000,42,2100,2630,31,46.5
"152","mr_152","2016","August","17",3.47,15,2640,2900,38000,37,2340,2760,22,57.8333333333333
"153","mr_153","2016","August","19",4.01,18,3250,3570,42000,56,2700,3020,28,66.8333333333333
"154","mr_154","2016","August","24",3.18,15,2530,2740,52000,38,2810,3150,32,53
"155","mr_155","2016","September","02",3.13,15,2780,2640,38000,21,2130,2830,15,52.1666666666667
"156","mr_156","2016","September","07",2.43,18,2740,3360,24000,32,2210,2490,28,40.5
"157","mr_157","2016","September","19",3.08,15,2530,3460,21000,38,2300,2760,33,51.3333333333333
"158","mr_158","2016","October","09",2.9,15,1876,3990,27600,10,1240,1980,11,48.3333333333333
"159","mr_159","2016","October","27",3,18,2340,3150,19000,46,2470,2810,37,50
"160","mr_160","2016","November","17",2.01,15,2244,4358,27000,64,3400,3700,22,33.5
"161","mr_161","2016","November","29",1.98,15,2980,4460,36000,18,1880,1610,11,33
"162","mr_162","2016","November","30",2.75,18,3460,5840,16000,42,3260,3430,34,45.8333333333333
"163","mr_163","2016","December","01",3.41,15,1840,4760,23000,43,3470,3800,6,56.8333333333333
"164","mr_164","2016","December","06",2.55,15,1360,3850,34000,39,2340,4220,24,42.5
"165","mr_165","2016","December","16",1.74,18,1880,2890,26000,59,2100,4040,20,29
"166","mr_166","2016","December","02",2.13,15,2460,2740,32000,48,3250,4430,15,35.5
"167","mr_167","2017","January","19",2.43,15,2260,2780,28000,36,2870,3640,22,40.5
"168","mr_168","2017","February","26",2.32,18,2890,2460,30000,22,2610,3250,19,38.6666666666667
"169","mr_169","2017","February","26",3.72,15,2140,1870,15000,23,2040,2450,12,62
"170","mr_170","2017","March","30",2.14,15,2570,2930,23000,28,2650,2910,14,35.6666666666667
"171","mr_171","2017","March","31",2.74,18,2030,2340,14000,18,1960,2150,18,45.6666666666667
"172","mr_172","2017","March","31",2.63,15,1940,2170,12000,15,1820,1980,10,43.8333333333333
"173","mr_173","2017","March","31",2.09,15,1870,2040,11000,13,1950,2210,6,34.8333333333333
"174","mr_174","2017","April","01",2.67,18,1920,2130,13000,21,2230,2590,8,44.5
"175","mr_175","2017","April","01",2.67,18,1920,2130,13000,21,2230,2590,8,44.5
"176","mr_176","2017","April","06",3.55,15,2230,2540,2000,16,1480,1670,5,59.1666666666667
"177","mr_177","2017","April","06",3.89,18,980,1120,3000,14,1500,1730,3,64.8333333333333
"178","mr_178","2017","April","06",3.59,15,650,720,2000,10,1140,1450,5,59.8333333333333
"179","mr_179","2017","April","06",3.13,15,430,560,4000,9,870,990,7,52.1666666666667
"180","mr_180","2017","April","06",3.33,18,390,460,2000,8,720,850,2,55.5
"181","mr_181","2017","April","07",3.11,15,490,510,3000,11,1020,1110,7,51.8333333333333
"182","mr_182","2017","April","07",3.04,15,210,340,2000,12,890,1040,3,50.6666666666667
"183","mr_183","2017","April","07",3.21,18,560,670,2000,15,920,1080,4,53.5
"184","mr_184","2017","April","07",4.08,15,470,560,3000,12,780,820,5,68
"185","mr_185","2017","April","07",3.26,15,390,450,2000,8,830,990,8,54.3333333333333
"186","mr_186","2017","April","08",3.36,18,460,620,1000,9,790,830,10,56
"187","mr_187","2017","April","08",3.62,15,530,670,2000,13,1120,1340,5,60.3333333333333
"188","mr_188","2017","April","08",4.27,15,460,530,1000,12,820,1030,7,71.1666666666667
"189","mr_189","2017","April","08",4.01,18,340,510,2000,10,730,910,5,66.8333333333333
"190","mr_190","2017","April","08",3.88,15,360,490,1000,15,820,950,8,64.6666666666667
"191","mr_191","2017","April","21",4.67,15,2540,2330,12000,32,2450,2670,10,77.8333333333333
"192","mr_192","2017","May","05",3.53,18,2870,3140,16000,21,3460,3720,11,58.8333333333333
"193","mr_193","2017","May","05",4.07,15,2230,2820,14000,19,3250,3890,14,67.8333333333333
"194","mr_194","2017","May","06",3.93,15,2340,2530,15000,18,2890,3100,12,65.5
"195","mr_195","2017","May","11",2.59,18,2560,2430,18000,16,3120,3240,8,43.1666666666667
"196","mr_196","2017","May","11",3.81,15,2340,2250,19000,22,2830,3020,5,63.5
"197","mr_197","2017","May","22",3.3,15,2480,2320,14000,21,2990,3120,9,55
"198","mr_198","2017","May","22",3.84,18,2540,2410,15000,16,1980,2230,5,64
"199","mr_199","2017","May","26",4.1,15,2980,2830,17000,18,2590,2730,14,68.3333333333333
"200","mr_200","2017","June","21",4.1,18,3250,2980,21000,23,3460,3640,12,68.3333333333333
"201","mr_201","2017","June","21",2.52,15,3340,3120,26000,16,2640,3010,8,42
"202","mr_202","2017","June","27",1.95,15,2850,2560,17000,21,2430,2790,7,32.5
"203","mr_203","2017","July","03",3.58,18,3220,3140,23000,24,2870,3160,18,59.6666666666667
"204","mr_204","2017","July","03",1.5,15,2110,1920,14000,32,1780,2140,11,25
"205","mr_205","2017","July","12",3.63,15,3670,3240,32000,34,3020,3560,22,60.5
"206","mr_206","2017","July","27",2.21,18,2890,2710,11000,20,2890,3250,13,36.8333333333333
"207","mr_207","2017","July","28",4.04,15,1460,1250,9000,12,1120,1540,21,67.3333333333333
"208","mr_208","2017","August","02",3.87,15,3240,3120,18000,27,2780,3170,14,64.5
"209","mr_209","2017","August","04",3.68,18,3530,3240,26000,25,3250,3590,9,61.3333333333333
"210","mr_210","2017","August","07",2.17,15,2760,2500,19000,31,2230,2740,6,36.1666666666667
"211","mr_211","2017","August","11",2.1,15,2980,2740,22000,28,2640,2930,13,35
"212","mr_212","2017","August","18",3.7,18,2430,2010,27000,36,2910,3310,11,61.6666666666667
"213","mr_213","2017","August","19",3.39,15,1500,1390,12000,42,600,750,6,56.5
"214","mr_214","2017","August","19",3.14,15,1270,1140,9000,13,780,890,8,52.3333333333333
"215","mr_215","2017","August","19",3.54,18,1340,1180,13000,31,630,1250,5,59
"216","mr_216","2017","September","12",3.07,18,2780,2540,11000,21,1460,1870,6,51.1666666666667
"217","mr_217","2017","September","25",2.15,15,2910,2890,14000,32,1870,2140,12,35.8333333333333
"218","mr_218","2017","October","11",2.76,15,2760,2450,11000,24,1640,2350,8,46
"219","mr_219","2017","October","25",2.76,18,2950,2780,10000,29,1780,2130,7,46
"220","mr_220","2017","November","14",2.38,15,2550,2870,12000,23,1640,2210,13,39.6666666666667
"221","mr_221","2017","November","15",2.02,15,2720,2980,11000,32,1870,2340,11,33.6666666666667
"222","mr_222","2018","January","15",2.17,15,2540,3160,15000,28,2220,2560,12,36.1666666666667
"223","mr_223","2018","January","25",2.08,15,2370,2790,21000,12,1540,2760,8,34.6666666666667
"224","mr_224","2018","February","05",3.12,18,2250,3120,18000,16,1630,2800,6,52
"225","mr_225","2018","February","05",2.45,15,1260,1670,22000,9,870,1580,4,40.8333333333333
"226","mr_226","2018","February","05",3.72,15,950,1470,16000,11,920,1340,6,62
"227","mr_227","2018","February","06",4,18,1020,1590,14000,7,1110,1850,12,66.6666666666667
"228","mr_228","2018","February","11",3.54,15,2250,2560,24000,18,1430,2260,14,59
"229","mr_229","2018","February","11",3.19,15,1130,1470,12000,10,650,1400,5,53.1666666666667
"230","mr_230","2018","February","11",4.51,18,1240,1510,11000,6,710,1390,4,75.1666666666667
"231","mr_231","2018","February","13",2.97,15,1950,2130,16000,3,1050,1670,8,49.5
"232","mr_232","2018","February","13",3.78,15,1460,1620,12000,5,630,1320,3,63
"233","mr_233","2018","March","06",2.66,15,2210,2650,18000,11,1420,1710,7,44.3333333333333
"234","mr_234","2018","March","06",2.64,15,2470,2810,19000,13,1540,1980,10,44
"235","mr_235","2018","April","16",4.3,15,2150,2300,23000,16,1320,2070,12,71.6666666666667
"236","mr_236","2018","April","16",2.91,15,970,1100,8000,2,300,800,1,48.5
"237","mr_237","2018","April","16",3.62,15,840,920,7000,3,290,650,4,60.3333333333333
"238","mr_238","2018","April","16",2.4,12,790,910,8000,4,260,590,2,40
"239","mr_239","2018","April","17",3.19,15,750,830,6000,3,190,400,4,53.1666666666667
"240","mr_240","2018","April","17",3.03,15,810,890,5000,4,200,450,3,50.5
"241","mr_241","2018","April","17",3.26,15,790,1020,6000,3,150,500,4,54.3333333333333
"242","mr_242","2018","April","17",3.04,15,670,840,7000,2,230,620,3,50.6666666666667
"243","mr_243","2018","April","18",3.09,15,710,910,7000,4,310,780,4,51.5
"244","mr_244","2018","April","18",2.72,15,730,840,6000,6,280,640,2,45.3333333333333
"245","mr_245","2018","April","18",3.65,15,820,980,7000,5,170,590,5,60.8333333333333
"246","mr_246","2018","April","18",3.38,15,760,870,6000,3,240,720,1,56.3333333333333
"247","mr_247","2018","April","18",3.44,15,670,780,6000,7,310,810,3,57.3333333333333
"248","mr_248","2018","April","18",2.57,15,730,850,6000,2,110,570,2,42.8333333333333
"249","mr_249","2018","April","20",3.36,15,750,870,7000,4,230,730,4,56
"250","mr_250","2018","April","20",2.72,15,820,910,8000,3,190,610,2,45.3333333333333
"251","mr_251","2018","April","26",3.81,15,1580,1870,12000,12,980,1560,3,63.5
"252","mr_252","2018","May","12",3.36,15,2130,2340,11000,9,1140,2140,4,56
"253","mr_253","2018","May","14",4.29,15,2350,2130,14000,5,600,2350,5,71.5
"254","mr_254","2018","May","14",4.29,15,2460,2370,17000,3,740,2570,3,71.5
"255","mr_255","2018","May","16",4,15,1220,1360,8000,4,350,780,2,66.6666666666667
"256","mr_256","2018","May","16",3.25,15,950,890,7000,3,250,1010,3,54.1666666666667
"257","mr_257","2018","May","16",1.6,15,400,320,4000,2,210,780,0,26.6666666666667
"258","mr_258","2018","May","17",3.62,15,1050,1170,6000,4,470,970,2,60.3333333333333
"259","mr_259","2018","May","28",3.19,15,1480,1560,8000,3,1360,2340,3,53.1666666666667
"260","mr_260","2018","May","28",2.86,15,1300,1230,7000,6,1130,2140,2,47.6666666666667
"261","mr_261","2018","May","28",4.1,15,1650,1490,9000,2,820,1930,1,68.3333333333333
"262","mr_262","2018","May","31",3.38,15,2130,2240,11000,9,650,2350,2,56.3333333333333
"263","mr_263","2018","June","03",3.35,15,2340,2580,12000,11,1130,1760,5,55.8333333333333
"264","mr_264","2018","June","03",3.17,15,1890,2130,14000,6,870,1590,4,52.8333333333333
"265","mr_265","2018","June","05",4.19,15,1420,1650,8000,3,590,1020,3,69.8333333333333
"266","mr_266","2018","June","05",2.6,15,1280,1330,9000,3,630,1170,2,43.3333333333333
"267","mr_267","2018","June","05",4.15,15,1140,1290,7000,2,570,1340,4,69.1666666666667
"268","mr_268","2018","June","12",4.23,15,870,950,11000,6,890,1220,2,70.5
"269","mr_269","2018","June","12",4.15,15,940,1130,10000,8,760,1430,8,69.1666666666667
"270","mr_270","2018","June","12",4.44,15,620,730,5000,4,810,1020,3,74
"271","mr_271","2018","June","28",3.12,15,1560,1780,13000,5,1240,1750,2,52
"272","mr_272","2018","June","29",0.96,15,1720,1980,12000,4,1110,1500,2,16
"273","mr_273","2018","July","18",2.99,15,1890,1630,13000,8,850,1290,3,49.8333333333333
"274","mr_274","2018","July","22",3.49,15,1760,1830,10000,10,790,1340,1,58.1666666666667
"275","mr_275","2018","July","24",4.39,15,890,1020,8000,4,340,710,5,73.1666666666667
"276","mr_276","2018","July","24",3.57,15,710,850,6000,2,410,820,3,59.5
"277","mr_277","2018","July","24",3.79,15,620,540,4000,2,370,560,1,63.1666666666667
"278","mr_278","2018","July","24",4.24,15,780,670,5000,3,50,720,2,70.6666666666667
"279","mr_279","2018","July","25",3.49,15,540,430,8000,6,410,910,7,58.1666666666667
"280","mr_280","2018","July","25",4.16,15,670,720,7000,4,360,840,4,69.3333333333333
"281","mr_281","2018","July","26",3.17,15,820,540,6000,8,430,750,5,52.8333333333333
"282","mr_282","2018","July","28",3.31,15,540,650,10000,5,500,690,1,55.1666666666667
"283","mr_283","2018","July","28",3.32,15,730,670,7000,6,290,1020,7,55.3333333333333
"284","mr_284","2018","July","28",3.98,15,910,790,5000,9,370,560,2,66.3333333333333
"285","mr_285","2018","July","28",3.84,15,710,630,8000,2,300,730,3,64
"286","mr_286","2018","August","09",3.31,15,1750,990,11000,6,910,1650,6,55.1666666666667
"287","mr_287","2018","August","14",4.62,18,1320,1010,4900,14,1260,920,1,77
"288","mr_288","2018","August","14",3.74,15,2740,1130,6700,29,2100,1340,9,62.3333333333333
"289","mr_289","2018","August","14",3.27,15,1120,790,4000,4,1050,1160,0,54.5
"290","mr_290","2018","August","14",3.04,18,2100,980,3000,12,940,990,2,50.6666666666667
"291","mr_291","2018","September","01",2.43,15,3110,1420,6500,38,990,1620,14,40.5
"292","mr_292","2018","September","01",3.35,15,1200,880,5000,9,1210,1500,11,55.8333333333333
"293","mr_293","2018","September","09",3.5,15,1390,870,7200,18,560,2100,6,58.3333333333333
"294","mr_294","2018","September","09",4.25,18,940,600,2500,6,470,860,0,70.8333333333333
"295","mr_295","2018","September","10",3.77,15,1220,940,5000,12,850,1100,4,62.8333333333333
"296","mr_296","2018","September","16",2.26,15,1960,1070,7000,31,1000,1570,9,37.6666666666667
"297","mr_297","2018","September","25",3.09,18,2150,950,8000,19,490,1410,16,51.5
"298","mr_298","2018","September","25",2.95,15,2380,1250,7500,22,1500,1860,14,49.1666666666667
"299","mr_299","2018","October","04",3.28,15,1440,800,4000,11,1700,2100,8,54.6666666666667
"300","mr_300","2018","October","04",3.1,18,1080,610,6000,26,820,1640,8,51.6666666666667
"301","mr_301","2018","October","19",3.04,15,1840,710,8000,38,1050,1820,11,50.6666666666667
"302","mr_302","2018","November","04",3.11,15,2100,1420,5500,12,880,980,6,51.8333333333333
"303","mr_303","2018","November","04",2.26,15,1500,1040,4000,8,1210,1440,4,37.6666666666667
"304","mr_304","2018","November","04",3.46,15,660,560,3000,4,700,840,0,57.6666666666667
"305","mr_305","2018","November","04",4.54,18,590,540,2000,14,390,880,4,75.6666666666667
"306","mr_306","2018","November","19",3.19,15,1200,1140,6500,21,1100,1660,9,53.1666666666667
"307","mr_307","2018","November","25",3.17,15,2610,1600,6000,28,940,1650,14,52.8333333333333
"308","mr_308","2018","November","25",2.78,18,1820,1880,5000,8,800,1220,2,46.3333333333333
"309","mr_309","2018","November","25",2.77,15,1080,1640,6000,14,640,980,0,46.1666666666667
"310","mr_310","2018","November","30",3.26,15,790,1000,5500,31,1080,1140,6,54.3333333333333
"311","mr_311","2018","December","17",3.53,18,1240,990,4000,20,840,1200,8,58.8333333333333
"312","mr_312","2018","December","20",3.38,15,780,940,3000,10,550,840,8,56.3333333333333
"313","mr_313","2018","December","20",2.96,15,480,500,1500,18,400,300,0,49.3333333333333
"314","mr_314","2018","December","20",3.62,15,300,440,2000,10,250,400,4,60.3333333333333
"315","mr_315","2019","January","23",2.5,15,990,1640,4500,6,990,1230,13,41.6666666666667
"316","mr_316","2019","January","23",3.07,15,1110,1940,6000,21,1010,750,17,51.1666666666667
"317","mr_317","2019","February","12",2.33,15,580,890,3400,0,750,1100,2,38.8333333333333
"318","mr_318","2019","February","12",3.24,15,2200,2750,4600,4,1400,1750,11,54
"319","mr_319","2019","March","05",2.52,15,1900,3300,6600,14,790,1250,14,42
"320","mr_320","2019","March","05",2.27,14,2800,2700,8400,5,800,1400,9,37.8333333333333
"321","mr_321","2019","March","22",3.06,15,840,1050,3500,3,450,840,0,51
"322","mr_322","2019","March","22",3.33,15,680,880,2400,4,240,650,6,55.5
"323","mr_323","2019","March","22",3.03,15,300,500,2000,0,425,750,6,50.5
"324","mr_324","2019","March","23",2.6,15,240,450,1200,2,350,600,3,43.3333333333333
"325","mr_325","2019","April","13",2.26,15,1015,990,5600,6,510,775,11,37.6666666666667
"326","mr_326","2019","April","18",3.52,15,2150,2200,6450,11,780,1020,14,58.6666666666667
"327","mr_327","2019","April","18",3.84,15,580,480,3100,3,250,230,4,64
"328","mr_328","2019","April","24",3.57,15,1400,1760,5500,5,1040,1200,8,59.5
"329","mr_329","2019","April","30",5.1,15,800,450,2400,2,240,350,1,85
"330","mr_330","2019","April","30",3.53,15,1110,1460,7200,12,500,580,4,58.8333333333333
"331","mr_331","2019","May","11",3.04,15,1980,2100,4400,6,660,680,8,50.6666666666667
"332","mr_332","2019","May","11",3.07,15,1040,1240,3200,14,780,1040,14,51.1666666666667
"333","mr_333","2019","May","13",3.23,15,940,1400,5990,10,1000,780,9,53.8333333333333
"334","mr_334","2019","May","13",3.73,15,600,450,1200,3,240,350,4,62.1666666666667
"335","mr_335","2019","May","13",3.38,15,460,840,980,4,180,250,4,56.3333333333333
"336","mr_336","2019","May","13",2.92,15,980,1200,2400,18,640,800,14,48.6666666666667
"337","mr_337","2019","May","15",2.83,15,1880,2440,4200,10,990,460,22,47.1666666666667
"338","mr_338","2019","May","15",2.76,15,900,1300,3800,4,480,660,6,46
"339","mr_339","2019","May","28",2.51,15,1740,2000,6400,13,600,780,9,41.8333333333333
"340","mr_340","2019","May","28",2.72,15,1140,1080,5400,16,900,1080,10,45.3333333333333
"341","mr_341","2019","May","31",3.19,15,2040,1250,6600,17,860,1480,8,53.1666666666667
"342","mr_342","2019","June","12",3.23,15,2800,2200,7800,14,1050,2000,17,53.8333333333333
"343","mr_343","2019","June","12",3.08,15,1800,2240,6300,11,600,1450,8,51.3333333333333
"344","mr_344","2019","June","17",3.02,15,3300,2400,8000,18,500,1600,16,50.3333333333333
"345","mr_345","2019","July","03",2.08,15,1880,1640,7200,22,800,1380,11,34.6666666666667
"346","mr_346","2019","July","03",2.03,15,2000,1100,5000,18,400,1500,8,33.8333333333333
"347","mr_347","2019","July","06",2.48,15,2680,980,4400,34,560,980,20,41.3333333333333
"348","mr_348","2019","July","06",3.34,15,950,650,3400,4,280,680,7,55.6666666666667
"349","mr_349","2019","July","06",2.69,15,3700,1500,5800,12,600,1100,8,44.8333333333333
"350","mr_350","2019","July","06",2.57,15,1900,840,8800,18,880,1400,18,42.8333333333333
"351","mr_351","2019","July","09",3.45,15,3600,980,8400,18,680,1440,14,57.5
"352","mr_352","2019","July","09",2.25,15,2400,1100,9400,38,380,2040,22,37.5
"353","mr_353","2019","July","13",2.48,15,4400,1800,7200,11,660,1340,12,41.3333333333333
"354","mr_354","2019","July","13",3.13,15,980,210,1000,0,360,740,4,52.1666666666667
"355","mr_355","2019","July","13",2.65,15,1980,800,4400,12,440,1800,14,44.1666666666667
"356","mr_356","2019","July","19",3.96,15,3600,1400,6800,8,280,1600,32,66
"357","mr_357","2019","August","02",2.61,15,2200,680,5000,24,740,1380,10,43.5
"358","mr_358","2019","August","02",3.82,15,2800,980,4800,12,360,640,4,63.6666666666667
"359","mr_359","2019","August","08",2.66,15,4200,1400,7800,32,240,1310,14,44.3333333333333
"360","mr_360","2019","August","24",4.25,15,800,360,1800,0,100,240,0,70.8333333333333
"361","mr_361","2019","August","24",2.96,15,1400,720,2200,4,180,540,6,49.3333333333333
"362","mr_362","2019","August","24",4,15,1800,980,3600,8,88,980,13,66.6666666666667
"363","mr_363","2019","August","24",3.17,15,2210,950,5000,24,120,960,21,52.8333333333333
"364","mr_364","2019","October","18",3.07,15,980,800,2200,6,840,1100,4,51.1666666666667
"365","mr_365","2019","October","18",2.41,15,2800,2020,6500,10,660,1200,12,40.1666666666667
"366","mr_366","2019","October","18",3.21,15,1900,1200,6600,22,800,2100,16,53.5
"367","mr_367","2019","October","25",3.25,15,2780,2100,7200,16,940,1980,28,54.1666666666667
"368","mr_368","2019","October","28",3.43,15,2440,2000,5300,10,350,1400,12,57.1666666666667
"369","mr_369","2019","October","28",3.28,15,3400,1880,7800,12,480,1580,20,54.6666666666667
"370","mr_370","2019","October","28",2.66,15,920,1240,4800,0,240,560,4,44.3333333333333
"371","mr_371","2019","October","30",2.98,15,1260,1480,3600,14,320,880,2,49.6666666666667
"372","mr_372","2019","November","02",3.05,15,1980,1550,4900,8,180,560,12,50.8333333333333
"373","mr_373","2019","November","02",2.23,15,1000,1200,6400,12,560,880,2,37.1666666666667
"374","mr_374","2019","November","04",3.2,15,960,800,5500,4,340,1020,11,53.3333333333333
"375","mr_375","2019","November","04",3.2,15,640,720,3400,0,210,400,4,53.3333333333333
"376","mr_376","2019","November","25",3.58,15,860,980,4000,8,180,720,1,59.6666666666667
"377","mr_377","2019","November","25",3.88,15,590,500,1200,0,88,190,0,64.6666666666667
"378","mr_378","2019","November","25",2.25,15,1800,1680,2800,24,100,240,3,37.5
"379","mr_379","2019","December","06",2.72,15,3600,3200,7000,8,420,1200,9,45.3333333333333
"380","mr_380","2019","December","20",2.78,15,2300,2400,8400,9,360,1700,12,46.3333333333333
"381","mr_381","2020","January","18",2.75,15,3900,2100,12500,15,750,1100,16,45.8333333333333
"382","mr_382","2020","January","18",1.8,15,2900,1800,10400,8,850,1800,12,30
"383","mr_383","2020","January","20",2.9,15,1850,1100,9800,12,550,980,8,48.3333333333333
"384","mr_384","2020","January","27",2.54,15,3400,2400,12000,21,1040,1450,6,42.3333333333333
"385","mr_385","2020","January","27",2.18,15,980,900,6500,4,720,840,14,36.3333333333333
"386","mr_386","2020","January","27",3.24,15,750,640,5400,8,440,640,2,54
"387","mr_387","2020","January","27",3.07,15,500,440,4200,4,500,560,6,51.1666666666667
"388","mr_388","2020","January","30",2.8,15,3200,2400,9600,14,980,1200,14,46.6666666666667
"389","mr_389","2020","January","30",2.8,15,3800,2700,9400,12,660,980,10,46.6666666666667
"390","mr_390","2020","February","10",1.9,15,1850,980,8000,2,880,1040,9,31.6666666666667
"391","mr_391","2020","March","02",2.34,15,2800,2000,7200,18,420,800,16,39
"392","mr_392","2020","March","24",2.15,15,980,900,5600,4,500,1000,7,35.8333333333333
"393","mr_393","2020","March","30",3.86,15,3200,2700,11000,18,840,1040,11,64.3333333333333
"394","mr_394","2020","April","11",3.98,15,2800,2100,5900,13,1050,1640,6,66.3333333333333
"395","mr_395","2020","April","14",4.62,15,2640,1880,6800,20,860,1200,14,77
"396","mr_396","2020","April","14",3.36,15,1200,840,2000,0,460,800,8,56
"397","mr_397","2020","April","14",2.91,15,510,490,1800,4,140,380,4,48.5
"398","mr_398","2020","April","15",3.5,15,660,360,1700,7,100,340,4,58.3333333333333
"399","mr_399","2020","April","15",3.13,15,480,290,1100,9,80,290,2,52.1666666666667
"400","mr_400","2020","April","23",3.06,15,2900,2200,5500,11,400,1600,14,51
"401","mr_401","2020","April","25",3.17,15,2300,1200,4200,22,480,980,19,52.8333333333333
"402","mr_402","2020","May","02",4.22,15,1980,1480,4900,12,600,680,16,70.3333333333333
"403","mr_403","2020","May","02",3.68,15,1040,880,5200,20,550,1040,22,61.3333333333333
"404","mr_404","2020","May","02",4,15,900,600,3400,4,380,450,12,66.6666666666667
"405","mr_405","2020","June","06",3.98,15,3400,2400,4000,8,280,1100,24,66.3333333333333
"406","mr_406","2020","June","06",2.55,15,1800,850,4200,22,440,760,12,42.5
"407","mr_407","2020","June","19",0.78,15,3000,2700,5800,12,300,900,10,13
"408","mr_408","2020","June","22",3.04,15,2800,1400,6000,18,560,1010,10,50.6666666666667
"409","mr_409","2020","June","22",3,15,950,750,3400,24,240,770,1,50
"410","mr_410","2020","June","24",3.79,15,3800,2100,4300,13,450,960,14,63.1666666666667
"411","mr_411","2020","June","24",3.84,15,800,880,2100,4,140,540,0,64
"412","mr_412","2020","June","24",3.96,15,760,980,1800,2,80,280,4,66
"413","mr_413","2020","June","24",3.29,15,540,320,1400,8,100,180,0,54.8333333333333
"414","mr_414","2020","June","24",3.35,15,340,290,2100,2,74,310,2,55.8333333333333
"415","mr_415","2020","June","25",3.44,15,600,340,1200,6,120,290,3,57.3333333333333
"416","mr_416","2020","June","25",3.78,15,480,340,1300,14,200,340,6,63
"417","mr_417","2020","July","02",2.93,15,2100,1200,5100,15,680,1020,11,48.8333333333333
"418","mr_418","2020","July","08",3.34,15,1840,1440,4200,19,500,850,15,55.6666666666667
"419","mr_419","2020","July","13",2.14,15,1100,980,3200,12,400,640,12,35.6666666666667
"420","mr_420","2020","July","24",3.1,15,2650,1300,4900,18,690,900,8,51.6666666666667
"421","mr_421","2020","July","24",3.05,15,1900,990,3750,14,500,750,19,50.8333333333333
"422","mr_422","2020","July","27",3.11,15,900,660,3050,8,350,360,12,51.8333333333333
"423","mr_423","2020","July","27",3.32,15,1880,950,3900,10,380,480,10,55.3333333333333
"424","mr_424","2020","August","03",2.92,15,1240,880,3100,14,300,400,24,48.6666666666667
"425","mr_425","2020","August","11",2.98,15,3000,2250,5000,20,800,1100,16,49.6666666666667
"426","mr_426","2020","August","11",1.89,15,2300,900,4750,20,660,740,9,31.5
"427","mr_427","2020","August","18",2.7,15,1400,840,3200,12,350,760,10,45
"428","mr_428","2020","August","26",1.41,15,2050,1250,4400,16,280,680,16,23.5
"429","mr_429","2020","September","04",3.52,15,3250,1500,4000,14,820,800,12,58.6666666666667
"430","mr_430","2020","September","04",3.39,15,2100,1420,3200,10,680,650,20,56.5
"431","mr_431","2020","September","12",2.36,15,2450,1640,4500,18,500,640,18,39.3333333333333
"432","mr_432","2020","October","01",3.19,15,4050,2500,6400,21,480,1050,21,53.1666666666667
"433","mr_433","2020","October","30",3.02,15,3800,2200,5200,18,750,900,24,50.3333333333333
"434","mr_434","2020","October","30",2.98,15,3000,1850,3000,12,680,880,14,49.6666666666667
"435","mr_435","2020","October","31",3.39,15,2200,1200,3200,12,300,480,8,56.5
"436","mr_436","2020","November","13",4.29,15,3500,2500,4900,20,480,720,11,71.5
"437","mr_437","2020","November","13",3.62,15,1800,1000,3300,8,280,640,8,60.3333333333333
"438","mr_438","2020","November","13",2.45,15,1250,900,2200,10,300,480,9,40.8333333333333
"439","mr_439","2020","Decemeber","01",2.92,15,2200,980,5600,21,500,840,14,48.6666666666667
"440","mr_440","2020","Decemeber","01",3.07,15,1640,800,4100,10,280,480,21,51.1666666666667
"441","mr_441","2020","Decemeber","01",2.42,15,1080,750,3800,14,360,380,18,40.3333333333333
"442","mr_442","2020","Decemeber","03",3.11,15,1790,1040,4900,19,480,540,12,51.8333333333333
"443","mr_443","2020","Decemeber","03",2.92,15,2080,1100,5200,24,280,640,16,48.6666666666667
"444","mr_444","2020","Decemeber","09",1.94,15,1600,880,3800,24,360,480,21,32.3333333333333
"445","mr_445","2020","Decemeber","18",3.02,15,2200,1080,4050,12,400,400,10,50.3333333333333
"446","mr_446","2020","Decemeber","26",2.79,15,2000,980,3600,15,280,640,14,46.5
"447","mr_447","2020","Decemeber","26",2.01,15,1200,780,3200,20,500,360,20,33.5
"448","mr_448","2020","Decemeber","26",3.35,15,980,600,2800,21,280,480,8,55.8333333333333
"449","mr_449","2020","Decemeber","26",3.34,15,800,640,2700,12,380,450,28,55.6666666666667
"450","mr_450","2020","Decemeber","26",3.08,15,1200,720,4200,18,270,720,0,51.3333333333333
"451","mr_451","2020","Decemeber","30",2.73,15,1800,780,4200,14,270,280,14,45.5
"452","mr_452","2020","Decemeber","30",2.12,15,1440,600,3600,21,420,360,15,35.3333333333333
"453","mr_453","2021","January","04",2.81,15,1600,840,3400,24,320,540,12,46.8333333333333
"454","mr_454","2021","February","17",2.43,15,2400,1100,4400,9,980,1050,10,40.5
"455","mr_455","2021","March","03",2.69,15,1900,860,3800,14,1000,750,18,44.8333333333333
"456","mr_456","2021","March","23",1.83,15,2100,900,4200,16,680,800,12,30.5
"457","mr_457","2021","March","25",3.14,15,1200,500,3300,8,580,720,8,52.3333333333333
"458","mr_458","2021","March","25",2.72,15,720,280,2800,20,320,420,14,45.3333333333333
"459","mr_459","2021","March","25",3.34,15,800,240,2700,4,180,380,6,55.6666666666667
"460","mr_460","2021","March","27",3.64,15,2200,750,3000,24,540,740,14,60.6666666666667
"461","mr_461","2021","March","27",2.95,15,1600,880,4200,12,480,890,20,49.1666666666667
"462","mr_462","2021","March","27",2.34,15,1000,280,2400,0,400,960,12,39
"463","mr_463","2021","March","31",2.55,15,3000,720,3600,21,720,1200,21,42.5
"464","mr_464","2021","April","13",3.5,15,2700,1400,4400,12,810,1050,14,58.3333333333333
"465","mr_465","2021","May","06",5.03,15,2300,840,5000,28,640,980,18,83.8333333333333
"466","mr_466","2021","May","06",3.9,15,1900,560,3900,14,590,1010,26,65
"467","mr_467","2021","May","28",3.66,15,5800,600,5400,20,700,880,30,61
"468","mr_468","2021","May","28",3.69,15,1800,440,3400,22,540,980,14,61.5
"469","mr_469","2021","June","01",3.77,15,2200,480,4000,12,400,600,18,62.8333333333333
"470","mr_470","2021","June","01",4.27,15,3400,360,5400,28,720,1000,20,71.1666666666667
"471","mr_471","2021","June","04",3.03,15,4400,480,4800,34,720,980,22,50.5
"472","mr_472","2021","June","11",3.83,15,3400,660,6000,22,560,800,21,63.8333333333333
"473","mr_473","2021","June","11",3.3,15,2500,360,4400,18,320,720,12,55
"474","mr_474","2021","June","11",3.9,15,1600,290,2800,16,300,540,14,65
"475","mr_475","2021","June","12",2.78,15,1200,250,2700,10,320,360,8,46.3333333333333
"476","mr_476","2021","June","12",2.67,15,1040,200,2700,12,480,320,10,44.5
"477","mr_477","2021","June","15",3.58,15,4400,640,5000,30,600,1080,28,59.6666666666667
"478","mr_478","2021","July","02",4.5,15,4800,720,6200,32,810,1200,30,75
"479","mr_479","2021","July","02",3.91,15,1800,180,2900,21,300,600,12,65.1666666666667
"480","mr_480","2021","July","14",1.32,15,3600,640,4800,16,440,840,18,22
"481","mr_481","2021","August","03",2.31,15,3000,340,4800,24,320,480,18,38.5
"482","mr_482","2021","August","12",3.66,15,4200,540,5400,28,680,1100,28,61
"483","mr_483","2021","August","12",2.07,15,1400,120,2400,12,180,940,8,34.5
"484","mr_484","2021","August","16",3.8,15,2800,340,3400,16,290,800,12,63.3333333333333
"485","mr_485","2021","August","16",3.97,15,1800,140,2400,10,200,540,12,66.1666666666667
"486","mr_486","2021","August","20",5.2,15,3400,660,4200,24,480,960,24,86.6666666666667
"487","mr_487","2021","September","01",2,15,2600,420,5200,20,220,640,18,33.3333333333333
"488","mr_488","2021","September","02",1.66,15,3300,510,4900,22,340,1010,14,27.6666666666667
"489","mr_489","2021","September","02",2.18,15,4100,680,5400,12,280,940,20,36.3333333333333
"490","mr_490","2021","September","03",4.01,15,1800,350,3800,18,180,690,10,66.8333333333333
"491","mr_491","2021","September","15",2.9,15,3500,480,4900,24,200,1050,28,48.3333333333333
"492","mr_492","2021","September","24",4.12,15,2900,500,3300,30,340,890,14,68.6666666666667
"493","mr_493","2021","September","24",4,15,850,100,1800,2,100,440,2,66.6666666666667
"494","mr_494","2021","September","24",2.92,15,680,180,2000,8,75,360,14,48.6666666666667
"495","mr_495","2021","October","26",3.38,15,3100,380,4500,18,180,980,22,56.3333333333333
"496","mr_496","2021","October","26",3.81,15,1750,400,4800,30,220,740,12,63.5
"497","mr_497","2021","October","26",2.61,15,980,120,2800,16,140,1000,20,43.5
"498","mr_498","2021","November","01",3.02,15,2800,400,5500,24,240,880,32,50.3333333333333
"499","mr_499","2021","November","01",2.54,15,1200,320,3000,12,150,400,2,42.3333333333333
"500","mr_500","2021","November","01",3.09,15,840,240,1400,4,80,280,6,51.5
"501","mr_501","2021","November","01",3.73,15,1040,250,2200,11,100,320,18,62.1666666666667
"502","mr_502","2021","November","01",3.89,15,500,75,1500,10,110,460,4,64.8333333333333
"503","mr_503","2021","November","02",3.9,15,800,100,1800,6,75,380,8,65
"504","mr_504","2021","November","02",3.72,15,640,140,2000,12,100,500,2,62
"505","mr_505","2021","November","02",2.66,15,900,150,1000,4,50,250,1,44.3333333333333
"506","mr_506","2021","November","03",3.55,15,660,95,2800,24,100,375,20,59.1666666666667
"507","mr_507","2021","November","03",2.8,15,750,150,1400,15,190,550,16,46.6666666666667
"508","mr_508","2021","November","13",3.22,15,3800,450,4800,32,175,640,28,53.6666666666667
"509","mr_509","2021","December","07",1.9,15,2900,290,4200,20,200,840,32,31.6666666666667
"510","mr_510","2021","December","31",1.83,15,1800,320,3900,28,180,800,12,30.5
"511","mr_511","2022","January","05",2.2,15,2700,220,5100,34,200,610,15,36.6666666666667
"512","mr_512","2022","January","18",2.99,15,4200,520,4000,40,480,500,20,49.8333333333333
"513","mr_513","2022","January","18",3.12,15,3000,325,3300,11,190,900,30,52
"514","mr_514","2022","January","19",2.86,15,1200,80,2200,10,140,400,12,47.6666666666667
"515","mr_515","2022","January","19",2.72,15,600,70,1000,13,24,180,4,45.3333333333333
"516","mr_517","2022","March","11",2.15,15,4400,210,5200,30,140,500,28,35.8333333333333
"517","mr_516","2022","February","21",2.71,15,3100,220,4400,28,110,650,36,45.1666666666667
"518","mr_518","2022","March","25",4.66,15,2800,140,3300,18,80,550,36,77.6666666666667
"519","mr_519","2022","March","25",2.35,15,1100,100,3000,24,100,600,12,39.1666666666667
"520","mr_520","2022","April","02",2.75,15,3400,240,4800,34,81,800,18,45.8333333333333
"521","mr_521","2022","April","07",2.59,15,2800,200,5000,10,120,540,21,43.1666666666667
"522","mr_522","2022","April","07",3.7,15,800,64,1200,6,50,350,2,61.6666666666667
"523","mr_523","2022","April","07",2.61,15,1800,110,2300,20,120,460,14,43.5
"524","mr_524","2022","April","08",3.97,15,540,50,900,4,64,240,0,66.1666666666667
"525","mr_525","2022","April","29",4.51,15,3300,300,4200,34,140,640,20,75.1666666666667
"526","mr_526","2022","May","11",2.83,15,2800,220,3600,22,180,780,30,47.1666666666667
"527","mr_527","2022","May","11",4.14,15,900,48,1200,8,80,580,8,69
"528","mr_528","2022","May","17",3.21,15,2100,110,5000,24,140,900,28,53.5
"529","mr_529","2022","May","24",3.83,15,3200,200,6200,40,120,1000,40,63.8333333333333
"530","mr_530","2022","May","31",3.97,15,1440,75,3600,22,80,440,14,66.1666666666667
"531","mr_531","2022","May","31",4.02,15,800,50,1800,10,64,320,6,67
"532","mr_532","2022","May","31",3.76,15,540,110,1100,4,50,450,12,62.6666666666667
"533","mr_533","2022","June","01",3.18,15,2900,420,3800,12,240,1100,9,53
"534","mr_534","2022","June","10",4.02,15,2000,340,2900,8,320,880,20,67
"535","mr_535","2022","June","10",3.36,15,960,120,1500,14,96,640,10,56
"536","mr_536","2022","June","11",1.64,10,3200,290,4200,9,380,1000,6,27.3333333333333
"537","mr_537","2022","June","11",3.76,15,1250,100,2100,24,200,960,18,62.6666666666667
"538","mr_538","2022","June","29",1.97,15,2900,360,3200,12,400,840,14,32.8333333333333
"539","mr_539","2022","June","29",3.96,15,2100,240,4800,20,360,1200,21,66
"540","mr_540","2022","July","05",3.77,15,3600,320,5000,12,330,1400,18,62.8333333333333
"541","mr_541","2022","July","05",3.25,15,1400,120,3600,22,280,980,30,54.1666666666667
"542","mr_542","2022","July","15",2.75,15,3900,200,4200,21,210,1200,18,45.8333333333333
"543","mr_543","2022","July","18",2.7,15,3000,240,4400,24,270,1100,12,45
"544","mr_544","2022","July","18",3.39,15,1800,96,2800,4,120,980,10,56.5
"545","mr_545","2022","July","21",2.82,15,2700,180,3800,10,200,860,21,47
"546","mr_546","2022","July","27",2.03,15,2400,120,4400,28,360,1500,24,33.8333333333333
"547","mr_547","2022","July","29",1.69,13,2900,210,4900,16,290,900,12,28.1666666666667
"548","mr_548","2022","August","09",2.84,15,1400,280,3500,12,140,750,20,47.3333333333333
"549","mr_549","2022","August","19",2.25,15,3900,340,5500,20,200,1100,30,37.5
"550","mr_550","2022","September","09",3.09,15,4200,390,4800,10,180,960,21,51.5
"551","mr_551","2022","September","13",3.67,15,2800,120,4200,12,150,1000,36,61.1666666666667
"552","mr_552","2022","September","14",3.64,15,1900,200,6300,8,80,1260,14,60.6666666666667
"553","mr_553","2022","September","14",3.78,15,960,75,2900,11,100,660,8,63
"554","mr_554","2022","September","14",3.69,15,640,50,1800,24,140,500,6,61.5
"555","mr_555","2022","September","15",3.88,15,750,84,2200,9,72,480,18,64.6666666666667
"556","mr_556","2022","September","15",4.18,15,500,48,1800,10,84,360,5,69.6666666666667
"557","mr_557","2022","October","07",2.73,14,3500,280,4900,21,210,1000,21,45.5
"558","mr_558","2022","October","07",4.39,15,2900,320,5500,36,180,1360,18,73.1666666666667
"559","mr_559","2022","November","10",2.03,15,2100,100,4900,42,150,1600,30,33.8333333333333
"560","mr_560","2022","November","14",3.12,15,3200,280,5400,24,200,1200,32,52
"561","mr_561","2022","November","22",2.27,15,1800,150,2900,12,160,980,21,37.8333333333333
"562","mr_562","2022","December","09",2.54,15,1500,84,3900,36,190,1400,40,42.3333333333333
"563","mr_563","2022","December","17",3.27,15,2100,120,4200,18,220,1600,21,54.5
"564","mr_564","2022","December","17",2.79,15,1000,48,2100,8,64,900,14,46.5
"565","mr_565","2022","December","21",3.15,15,2900,320,4800,21,180,1900,36,52.5
"566","mr_566","2022","December","28",3.02,15,1600,100,3600,24,200,2000,27,50.3333333333333
"567","mr_567","2022","December","29",3.36,15,2100,120,1800,21,110,1600,14,56
"568","mr_568","2023","January","27",3.23,15,1700,210,2900,15,180,1500,10,53.8333333333333
"569","mr_569","2023","February","20",3.03,15,2400,300,3300,21,210,1100,21,50.5
"570","mr_570","2023","February","20",3.53,15,3600,280,4200,24,240,2200,30,58.8333333333333
"571","mr_571","2023","March","06",3.14,15,2700,180,3200,18,270,1700,20,52.3333333333333
"572","mr_572","2023","March","29",3.41,15,2900,200,3000,20,200,1400,14,56.8333333333333
"573","mr_573","2023","April","17",4.78,15,1800,90,2400,16,170,980,11,79.6666666666667
"574","mr_574","2023","April","17",5.31,15,2200,210,3800,30,280,1800,28,88.5
"575","mr_575","2023","April","20",2.97,15,3000,280,4000,22,320,2100,18,49.5
"576","mr_576","2023","April","24",3.66,15,2100,200,3300,21,260,2100,24,61
"577","mr_577","2023","April","24",4.87,15,1000,64,1900,10,120,900,9,81.1666666666667
"578","mr_578","2023","April","24",5.31,15,2700,190,3600,32,340,2000,32,88.5
"579","mr_579","2023","May","04",3.66,15,2200,420,4100,27,290,2300,40,61
"580","mr_580","2023","May","04",2.62,15,3100,380,2900,40,220,1800,21,43.6666666666667
"581","mr_581","2023","June","28",3.56,15,3400,480,4400,36,310,2200,27,59.3333333333333
"582","mr_582","2023","June","28",3.79,15,4000,390,4200,32,400,1400,38,63.1666666666667
"583","mr_583","2023","June","28",2.28,10,2100,300,3300,12,240,1000,18,38
"584","mr_584","2023","June","29",3.9,15,1900,220,4700,30,180,2100,21,65
"585","professor_1","2017","January","02",1.79,15,1950,6080,19700,8,3100,15600,NA,29.8333333333333
"586","professor_2","2017","January","30",1.58,15,9540,11230,17600,14,5630,16700,NA,26.3333333333333
"587","professor_3","2017","February","26",2.32,18,8350,9210,12000,19,6430,12400,NA,38.6666666666667
"588","professor_4","2017","February","26",3.72,15,8590,1030,13000,21,5870,11030,NA,62
"589","professor_5","2017","February","28",1.45,15,7830,9950,16000,18,7450,15340,NA,24.1666666666667
"590","professor_6","2017","March","30",1.71,15,8210,10340,14000,23,9560,13470,NA,28.5
"591","professor_7","2017","April","01",1.82,15,9830,11020,17000,26,11500,18620,NA,30.3333333333333
"592","professor_8","2017","April","20",2.37,15,9240,8760,15000,14,9970,14670,NA,39.5
"593","professor_9","2017","May","10",2.64,15,9540,8810,17000,28,12340,16580,NA,44
"594","professor_10","2017","May","26",2.78,15,8230,7800,13000,22,13450,17220,NA,46.3333333333333
"595","professor_11","2017","June","20",2.34,15,7540,8260,14000,12,10320,15430,NA,39
"596","professor_12","2017","July","17",1.63,15,8490,8230,16000,24,8870,10400,NA,27.1666666666667
"597","professor_13","2017","July","17",2.37,15,9610,9480,19000,27,13400,15200,NA,39.5
"598","professor_14","2017","July","28",1.69,15,7960,7650,12000,17,9540,12400,NA,28.1666666666667
"599","professor_15","2017","August","04",2.93,15,8870,8530,21000,32,11600,16500,NA,48.8333333333333
"600","professor_16","2017","August","31",1.21,15,7420,7280,15000,18,9710,13200,NA,20.1666666666667
"601","professor_17","2017","September","07",1.47,15,8250,7860,14000,24,8940,12500,NA,24.5
"602","professor_18","2017","November","17",0.75,8,8472,11528,33320,0,656,5392,NA,12.5
"603","professor_19","2018","January","15",0.99,15,7530,9240,22400,6,940,7650,NA,16.5
"604","professor_20","2018","February","05",1.58,15,2340,3780,24000,4,1870,16500,NA,26.3333333333333
"605","professor_21","2018","February","21",1.23,15,2210,3560,21000,3,1750,16700,NA,20.5
"606","professor_22","2018","March","30",2.32,15,2670,3750,26000,4,1890,20100,NA,38.6666666666667
"607","professor_23","2018","April","13",1.73,6,657,1699,8380,0,631,5960,NA,28.8333333333333
"608","professor_24","2018","April","16",1.78,12,2290,2630,19000,3,1520,14300,NA,29.6666666666667
"609","professor_25","2018","April","20",1.98,15,2110,2560,18000,2,1760,16700,NA,33
"610","professor_26","2018","April","26",1.37,12,7340,9870,25000,1,980,6750,NA,22.8333333333333
"611","professor_27","2018","May","31",1.85,15,9230,8950,28000,2,850,7340,NA,30.8333333333333
"612","professor_28","2018","June","03",2.84,15,1020,9230,25000,4,1120,8230,NA,47.3333333333333
"613","professor_29","2018","June","09",1.3,15,900,8560,28000,3,750,7650,NA,21.6666666666667
"614","professor_30","2018","June","21",1.81,15,1140,9900,21000,4,890,8340,NA,30.1666666666667
"615","professor_31","2018","July","03",1.66,15,1350,8560,18000,3,950,9460,NA,27.6666666666667
"616","professor_32","2018","July","18",2.12,15,1200,7810,27000,6,790,10200,NA,35.3333333333333
"617","professor_33","2018","July","23",1.23,15,1090,8230,25000,3,910,8760,NA,20.5
"618","professor_34","2018","July","28",1.8,15,920,7340,23000,1,890,9210,NA,30
"619","professor_35","2018","August","14",2.46,15,3150,4330,18000,14,1120,8800,NA,41
"620","professor_36","2018","September","01",1.58,15,6970,2450,14000,9,1300,12780,NA,26.3333333333333
"621","professor_37","2018","September","16",0.97,15,9100,4500,9000,4,750,7800,NA,16.1666666666667
"622","professor_38","2018","October","15",1.57,15,8400,4400,11000,9,1240,10400,NA,26.1666666666667
"623","professor_39","2018","November","04",2.41,15,6500,5500,8000,12,3600,5800,NA,40.1666666666667
"624","professor_40","2018","November","19",3.18,15,4400,4900,7400,14,4300,6800,NA,53
"625","professor_41","2018","November","30",2.28,15,3600,6050,11000,6,1800,8750,NA,38
"626","professor_42","2018","November","29",1.77,15,4000,7800,13000,10,5000,4300,NA,29.5
"627","professor_43","2019","February","12",1.88,15,3700,5500,9000,5,1800,4300,NA,31.3333333333333
"628","professor_44","2019","March","07",0.73,8,4057,2398,11078,0,1337,14000,NA,12.1666666666667
"629","professor_45","2019","March","23",1.37,15,8800,7800,14000,6,2300,9800,NA,22.8333333333333
"630","professor_46","2019","April","13",2.59,15,6800,6000,8000,10,2800,7800,NA,43.1666666666667
"631","professor_47","2019","April","18",1.89,15,5900,6400,7500,8,1600,5500,NA,31.5
"632","professor_48","2019","April","30",2.58,15,7500,5300,10000,12,1050,4600,NA,43
"633","professor_49","2019","May","13",2.01,15,8000,8400,12400,18,1400,2900,NA,33.5
"634","professor_50","2019","June","12",1.91,15,4400,3800,9800,8,980,3900,NA,31.8333333333333
"635","professor_51","2019","June","17",1.1,15,6600,5800,8700,4,1400,5000,NA,18.3333333333333
"636","professor_52","2019","July","09",3.33,15,3800,2100,7400,12,980,3600,NA,55.5
"637","professor_53","2019","August","02",2.54,15,4800,2200,9600,12,1000,4200,NA,42.3333333333333
"638","professor_54","2019","August","24",2.52,15,4400,1480,8600,4,660,5400,NA,42
"639","professor_55","2019","October","18",2.02,15,5200,4200,8100,24,540,3200,NA,33.6666666666667
"640","professor_56","2019","November","23",1.81,15,6400,4000,7800,18,940,4200,NA,30.1666666666667
"641","professor_57","2019","December","06",1.76,15,5900,4800,8800,26,660,3900,NA,29.3333333333333
"642","professor_58","2020","January","16",0.94,15,4800,3800,9000,12,980,3800,NA,15.6666666666667
"643","professor_59","2020","February","10",1.71,15,5600,3000,12000,18,1040,4800,NA,28.5
"644","professor_60","2020","March","30",1.81,15,7200,3400,9800,8,800,6400,NA,30.1666666666667
"645","professor_61","2020","April","14",2.72,15,4400,3960,6000,27,1200,5800,NA,45.3333333333333
"646","professor_62","2020","May","08",1.61,15,5400,4100,7200,11,1000,5600,NA,26.8333333333333
"647","professor_63","2020","June","06",2.43,15,4800,3200,6300,20,780,4800,NA,40.5
"648","professor_64","2020","June","19",2.29,15,6700,3600,8200,9,720,5400,NA,38.1666666666667
"649","professor_65","2020","July","02",1.97,15,6000,4000,7000,11,670,5300,NA,32.8333333333333
"650","professor_66","2020","July","24",1.52,15,6800,2950,6400,8,980,6050,NA,25.3333333333333
"651","professor_67","2020","August","03",0.61,12,5950,3600,8000,12,1050,4400,NA,10.1666666666667
"652","professor_68","2020","September","14",1.18,15,7200,4200,8800,24,1200,5100,NA,19.6666666666667
"653","professor_69","2020","October","30",1.82,15,6400,4200,7200,18,2200,3800,NA,30.3333333333333
"654","professor_70","2020","December","01",2.79,15,5300,3100,9900,9,1480,5400,NA,46.5
"655","professor_71","2021","January","04",1.68,15,4900,3000,10500,14,980,7200,NA,28
"656","professor_72","2021","February","17",1.21,15,4400,1200,7200,21,1420,4900,NA,20.1666666666667
"657","professor_73","2021","March","27",2.48,15,5000,1800,6800,18,840,4000,NA,41.3333333333333
"658","professor_74","2021","May","04",2.49,15,4900,1000,8000,30,1800,4800,NA,41.5
"659","professor_75","2021","May","08",2.57,15,4800,1200,7600,12,1480,5400,NA,42.8333333333333
"660","professor_76","2021","May","28",1.96,15,5800,960,8400,14,1900,5400,NA,32.6666666666667
"661","professor_77","2021","June","11",2.91,15,3600,800,6000,21,1500,6400,NA,48.5
"662","professor_78","2021","July","02",2.33,15,4200,1100,6400,24,1480,4900,NA,38.8333333333333
"663","professor_79","2021","July","14",2.58,15,5000,980,9200,21,1000,7200,NA,43
"664","professor_80","2021","August","03",3.34,15,5400,960,6200,18,1200,8400,NA,55.6666666666667
"665","professor_81","2021","August","18",3.18,15,6400,1000,8400,12,980,7000,NA,53
"666","professor_82","2021","August","20",1.99,15,4000,880,6400,24,1400,5800,NA,33.1666666666667
"667","professor_83","2021","September","01",3.18,15,4300,1100,5400,36,2100,3900,NA,53
"668","professor_84","2021","September","24",1.99,15,5100,900,6000,28,880,4400,NA,33.1666666666667
"669","professor_85","2021","November","03",1.5,15,3900,750,7200,20,960,6400,NA,25
"670","professor_86","2022","January","05",1.32,15,2700,300,5300,38,340,3200,NA,22
"671","professor_87","2022","February","21",0.93,10,3000,420,4200,48,280,5400,NA,15.5
"672","professor_88","2022","March","25",2.01,15,4100,380,6400,20,380,4900,NA,33.5
"673","professor_89","2022","April","07",2.61,15,3900,280,6900,34,290,3800,NA,43.5
"674","professor_90","2022","May","05",3.46,15,4400,500,7200,40,380,5500,NA,57.6666666666667
"675","professor_91","2022","June","10",2.76,15,4900,420,5600,22,440,2900,NA,46
"676","professor_92","2022","June","21",2.41,10,3600,300,6000,32,270,3300,NA,40.1666666666667
"677","professor_93","2022","July","05",2.43,15,4500,400,5400,24,320,4900,NA,40.5
"678","professor_94","2022","July","18",2.98,15,5000,320,6400,30,270,5100,NA,49.6666666666667
"679","professor_95","2022","August","19",2.5,15,5400,480,6200,21,210,3200,NA,41.6666666666667
"680","professor_96","2022","September","09",1.97,10,3400,270,4200,18,180,4200,NA,32.8333333333333
"681","professor_97","2022","September","15",3.49,15,4800,240,5000,36,220,5600,NA,58.1666666666667
"682","professor_98","2022","October","07",1.32,15,3800,180,4800,14,140,3900,NA,22
"683","professor_99","2022","November","22",1.61,15,2900,290,3800,39,340,4200,NA,26.8333333333333
"684","professor_100","2022","December","17",1.98,15,3200,220,4400,28,280,2900,NA,33
"685","professor_101","2022","December","29",2.13,15,4200,300,5400,40,300,4400,NA,35.5
"686","professor_102","2023","February","15",2.41,15,2900,240,3900,32,320,4200,NA,40.1666666666667
"687","professor_103","2023","April","10",2.05,15,NA,NA,NA,NA,NA,NA,NA,34.1666666666667
"688","professor_104","2023","April","20",2.58,15,3400,400,4900,26,380,3200,NA,43
"689","professor_105","2023","June","16",1.85,15,4100,510,4200,44,290,2300,NA,30.8333333333333
"690","professor_106","2023","June","29",2.25,15,3900,390,5500,38,480,3900,NA,37.5
"691","gwynnda_1","2021","July","03",0.93,15,1200,360,3400,NA,1800,NA,NA,15.5
"692","gwynnda_2","2021","July","07",2.26,15,2000,240,3900,NA,2200,NA,NA,37.6666666666667
"693","gwynnda_3","2021","July","07",1.62,15,1800,270,2900,NA,2400,NA,NA,27
"694","gwynnda_4","2021","July","16",1.76,15,1000,180,2100,NA,1800,NA,NA,29.3333333333333
"695","gwynnda_5","2021","July","30",1.53,15,2100,240,4000,NA,2700,NA,NA,25.5
"696","gwynnda_6","2021","August","11",2.06,15,2400,360,3900,NA,3000,NA,NA,34.3333333333333
"697","gwynnda_7","2021","August","14",1.9,15,2700,320,4200,NA,3200,NA,NA,31.6666666666667
"698","gwynnda_8","2021","August","16",2.16,15,3000,320,4000,NA,3600,NA,NA,36
"699","gwynnda_9","2021","August","16",2.6,15,980,180,1800,NA,1000,NA,NA,43.3333333333333
"700","gwynnda_10","2021","August","17",3.21,15,240,42,400,NA,360,NA,NA,53.5
"701","gwynnda_11","2021","August","17",2.44,15,840,100,1200,NA,1500,NA,NA,40.6666666666667
"702","gwynnda_12","2021","August","18",2.62,15,1800,240,3600,NA,3000,NA,NA,43.6666666666667
"703","gwynnda_13","2021","August","19",2.92,15,1000,320,3200,NA,2400,NA,NA,48.6666666666667
"704","gwynnda_14","2021","August","19",2.93,15,500,98,1200,NA,1000,NA,NA,48.8333333333333
"705","gwynnda_15","2021","August","20",3.31,15,12,4,400,NA,320,NA,NA,55.1666666666667
"706","gwynnda_16","2021","August","24",2.7,15,2400,270,3800,NA,3200,NA,NA,45
"707","gwynnda_17","2021","August","25",2.1,15,1000,160,2700,NA,2200,NA,NA,35
"708","gwynnda_18","2021","September","02",2.6,15,1800,240,2100,NA,1200,NA,NA,43.3333333333333
"709","gwynnda_19","2021","September","06",3.28,15,300,100,980,NA,180,NA,NA,54.6666666666667
"710","gwynnda_20","2021","September","10",2.89,15,2100,240,2700,NA,1400,NA,NA,48.1666666666667
"711","gwynnda_21","2021","September","18",2.49,15,2400,300,3200,NA,900,NA,NA,41.5
"712","gwynnda_21","2021","September","29",2.36,15,1200,210,2000,NA,1200,NA,NA,39.3333333333333
"713","gwynnda_22","2021","October","06",1.84,15,1800,270,2900,NA,1000,NA,NA,30.6666666666667
"714","gwynnda_23","2021","October","27",3.09,15,2100,360,3200,NA,1400,NA,NA,51.5
"715","gwynnda_24","2021","October","27",3.54,15,280,100,480,NA,200,NA,NA,59
"716","gwynnda_25","2021","October","27",2.25,15,480,42,1000,NA,360,NA,NA,37.5
"717","gwynnda_26","2021","October","29",3.38,15,150,50,800,NA,100,NA,NA,56.3333333333333
"718","gwynnda_27","2021","October","30",3.2,15,1400,240,2000,NA,980,NA,NA,53.3333333333333
"719","gwynnda_28","2021","November","01",3.71,15,980,100,1500,NA,200,NA,NA,61.8333333333333
"720","gwynnda_29","2021","November","01",4.06,15,40,12,200,NA,40,NA,NA,67.6666666666667
"721","gwynnda_30","2021","November","01",3.21,15,640,150,1200,NA,480,NA,NA,53.5
"722","gwynnda_31","2021","November","02",3.26,15,800,200,980,NA,240,NA,NA,54.3333333333333
"723","gwynnda_32","2021","November","02",3.95,15,1000,240,1800,NA,400,NA,NA,65.8333333333333
"724","gwynnda_33","2021","November","02",2.79,15,810,180,900,NA,360,NA,NA,46.5
"725","gwynnda_34","2021","November","02",3.02,15,500,80,1000,NA,240,NA,NA,50.3333333333333
"726","gwynnda_35","2021","November","03",2.97,15,1800,120,1800,NA,300,NA,NA,49.5
"727","gwynnda_36","2021","November","03",3,15,840,90,1500,NA,180,NA,NA,50
"728","gwynnda_37","2021","November","03",3.23,15,500,50,1200,NA,100,NA,NA,53.8333333333333
"729","gwynnda_38","2021","November","03",3.36,15,1500,200,2000,NA,360,NA,NA,56
"730","gwynnda_39","2021","November","04",3.57,15,480,40,980,NA,240,NA,NA,59.5
"731","gwynnda_40","2021","November","04",3.27,15,1000,120,1800,NA,360,NA,NA,54.5
"732","gwynnda_41","2021","November","04",3.43,15,1200,200,2000,NA,480,NA,NA,57.1666666666667
"733","gwynnda_42","2021","November","04",3.91,15,450,100,1200,NA,320,NA,NA,65.1666666666667
"734","gwynnda_43","2021","November","05",3.76,15,280,60,1000,NA,240,NA,NA,62.6666666666667
"735","gwynnda_44","2021","November","05",4.13,15,150,50,980,NA,180,NA,NA,68.8333333333333
"736","gwynnda_45","2021","November","05",4.08,15,0,0,0,NA,0,NA,NA,68
"737","gwynnda_46","2021","November","05",4.02,15,0,0,0,NA,0,NA,NA,67
"738","gwynnda_47","2021","November","13",3.63,15,2100,240,3200,NA,2100,NA,NA,60.5
"739","gwynnda_48","2021","November","23",2.59,15,1800,200,5000,NA,2400,NA,NA,43.1666666666667
"740","gwynnda_49","2022","December","02",1.51,15,1400,100,4200,NA,1000,NA,NA,25.1666666666667
"741","gwynnda_50","2022","December","15",1.68,15,980,180,3000,NA,980,NA,NA,28
"742","gwynnda_51","2022","January","05",2.78,15,3000,280,3600,NA,1200,NA,NA,46.3333333333333
"743","gwynnda_52","2022","January","17",2.53,15,2400,240,4800,NA,2000,NA,NA,42.1666666666667
"744","gwynnda_53","2022","January","18",2.53,15,1100,200,2800,NA,1600,NA,NA,42.1666666666667
"745","gwynnda_54","2022","January","18",3.08,15,340,80,800,NA,300,NA,NA,51.3333333333333
"746","gwynnda_55","2022","January","20",2.75,15,1200,400,3200,NA,2400,NA,NA,45.8333333333333
"747","gwynnda_56","2022","March","09",0.77,5,600,80,1000,NA,640,NA,NA,12.8333333333333
"748","gwynnda_57","2022","March","10",2.76,15,2300,300,4200,NA,1800,NA,NA,46
"749","gwynnda_58","2022","March","10",2.46,15,1200,190,2700,NA,1000,NA,NA,41
"750","gwynnda_59","2022","March","26",2.8,15,3000,240,4900,NA,1600,NA,NA,46.6666666666667
"751","gwynnda_60","2022","April","07",2.82,15,4200,500,6400,NA,2100,NA,NA,47
"752","gwynnda_61","2022","April","07",1.99,15,1800,190,3200,NA,980,NA,NA,33.1666666666667
"753","gwynnda_62","2022","April","08",2.78,15,980,220,2200,NA,1250,NA,NA,46.3333333333333
"754","gwynnda_63","2022","April","08",2.83,15,2100,140,3600,NA,1200,NA,NA,47.1666666666667
"755","gwynnda_64","2022","April","16",2.26,15,3200,200,5200,NA,2200,NA,NA,37.6666666666667
"756","gwynnda_65","2022","April","16",2.13,15,1050,100,2000,NA,900,NA,NA,35.5
"757","gwynnda_66","2022","April","29",2.19,15,2700,300,4900,NA,2000,NA,NA,36.5
"758","gwynnda_67","2022","May","07",2.12,15,980,140,3500,NA,1050,NA,NA,35.3333333333333
"759","gwynnda_68","2022","May","10",3.93,15,1400,120,4200,NA,1850,NA,NA,65.5
"760","gwynnda_69","2022","May","10",3.59,15,800,220,1900,NA,1000,NA,NA,59.8333333333333
"761","gwynnda_70","2022","May","11",3.27,15,640,75,900,NA,500,NA,NA,54.5
"762","gwynnda_71","2022","May","12",3.22,15,240,40,500,NA,200,NA,NA,53.6666666666667
"763","gwynnda_72","2022","May","19",3.39,15,2100,380,3600,NA,1300,NA,NA,56.5
"764","gwynnda_73","2022","May","26",2.67,15,2800,250,4900,NA,2000,NA,NA,44.5
"765","gwynnda_74","2022","June","01",3.68,15,1600,360,3200,NA,980,NA,NA,61.3333333333333
"766","gwynnda_75","2022","June","01",2.95,15,1200,98,2100,NA,420,NA,NA,49.1666666666667
"767","gwynnda_76","2022","June","10",3,15,2200,190,3200,NA,1200,NA,NA,50
"768","gwynnda_77","2022","June","10",2.34,15,980,75,1000,NA,560,NA,NA,39
"769","gwynnda_78","2022","June","11",3.23,15,540,100,900,NA,440,NA,NA,53.8333333333333
"770","gwynnda_79","2022","June","11",3.07,15,320,48,980,NA,360,NA,NA,51.1666666666667
"771","gwynnda_80","2022","June","11",3.74,15,270,50,480,NA,200,NA,NA,62.3333333333333
"772","gwynnda_81","2022","June","13",3.39,15,1200,210,1400,NA,360,NA,NA,56.5
"773","gwynnda_82","2022","June","13",3.49,15,360,40,800,NA,240,NA,NA,58.1666666666667
"774","gwynnda_83","2022","June","13",3.4,15,120,24,480,NA,180,NA,NA,56.6666666666667
"775","gwynnda_84","2022","June","13",3.69,15,480,36,880,NA,200,NA,NA,61.5
"776","gwynnda_85","2022","June","14",3.55,15,0,0,0,NA,0,NA,NA,59.1666666666667
"777","gwynnda_86","2022","June","29",1,10,2400,200,2700,NA,250,NA,NA,16.6666666666667
"778","gwynnda_87","2022","July","05",3.23,15,3200,400,4900,NA,1600,NA,NA,53.8333333333333
"779","gwynnda_88","2022","July","05",3.08,15,2500,350,3700,NA,1400,NA,NA,51.3333333333333
"780","gwynnda_89","2022","July","06",3.07,15,1800,100,2200,NA,720,NA,NA,51.1666666666667
"781","gwynnda_90","2022","july","06",3.58,15,250,60,1000,NA,240,NA,NA,59.6666666666667
"782","gwynnda_91","2022","July","07",3.5,15,240,50,750,NA,300,NA,NA,58.3333333333333
"783","gwynnda_92","2022","July","07",3.09,15,640,48,1200,NA,420,NA,NA,51.5
"784","gwynnda_93","2022","July","07",3.56,15,180,36,500,NA,240,NA,NA,59.3333333333333
"785","gwynnda_94","2022","July","08",3.16,15,540,84,480,NA,100,NA,NA,52.6666666666667
"786","gwynnda_95","2022","July","08",4.18,15,0,0,0,NA,0,NA,NA,69.6666666666667
"787","gwynnda_96","2022","July","08",3.11,15,0,0,0,NA,0,NA,NA,51.8333333333333
"788","gwynnda_97","2022","July","15",2.83,15,2800,360,3200,NA,1400,NA,NA,47.1666666666667
"789","gwynnda_98","2022","July","18",2.82,15,1600,220,4000,NA,900,NA,NA,47
"790","gwynnda_99","2022","july","18",3.32,15,980,90,1200,NA,640,NA,NA,55.3333333333333
"791","gwynnda_100","2022","July","19",3.4,15,480,50,980,NA,400,NA,NA,56.6666666666667
"792","gwynnda_101","2022","July","19",3.68,15,720,48,1100,NA,360,NA,NA,61.3333333333333
"793","gwynnda_102","2022","July","19",3.5,15,0,0,0,NA,0,NA,NA,58.3333333333333
"794","gwynnda_103","2022","July","19",3.51,15,360,40,480,NA,200,NA,NA,58.5
"795","gwynnda_104","2022","July","21",3.29,15,2100,250,3600,NA,950,NA,NA,54.8333333333333
"796","gwynnda_105","2022","July","26",2.58,15,2900,320,4000,NA,1500,NA,NA,43
"797","gwynnda_106","2022","August","06",2.62,15,2100,400,3600,NA,1600,NA,NA,43.6666666666667
"798","gwynnda_107","2022","August","09",3.37,15,1800,160,2800,NA,1000,NA,NA,56.1666666666667
"799","gwynnda_108","2022","September","01",1.93,15,2900,240,3000,NA,1100,NA,NA,32.1666666666667
"800","gwynnda_109","2022","September","08",2.66,15,3200,290,3500,NA,1400,NA,NA,44.3333333333333
"801","gwynnda_110","2022","September","08",3.01,15,1800,160,2800,NA,940,NA,NA,50.1666666666667
"802","gwynnda_111","2022","September","10",3.78,15,1600,100,2100,NA,1200,NA,NA,63
"803","gwynnda_112","2022","September","14",3.4,15,2800,190,3400,NA,1000,NA,NA,56.6666666666667
"804","gwynnda_113","2022","September","15",3.19,15,1200,96,2000,NA,920,NA,NA,53.1666666666667
"805","gwynnda_114","2022","September","27",3.35,15,2100,240,2500,NA,1200,NA,NA,55.8333333333333
"806","gwynnda_115","2022","October","06",2.86,15,2500,180,3200,NA,980,NA,NA,47.6666666666667
"807","gwynnda_116","2022","October","17",2.87,15,1800,210,3900,NA,1400,NA,NA,47.8333333333333
"808","gwynnda_117","2022","November","03",3.06,15,1600,240,2900,NA,200,1600,NA,51
"809","gwynnda_118","2022","November","15",3,15,2100,180,3300,NA,140,1900,NA,50
"810","gwynnda_119","2022","November","19",2.42,15,1200,72,2000,NA,100,1500,NA,40.3333333333333
"811","gwynnda_120","2022","November","22",2.37,15,980,50,1500,NA,80,1000,NA,39.5
"812","gwynnda_121","2022","November","30",2.91,15,2500,240,2900,NA,160,2100,NA,48.5
"813","gwynnda_122","2022","December","13",2.35,14,1900,120,3300,NA,210,1800,NA,39.1666666666667
"814","gwynnda_123","2022","December","17",2.8,15,2100,240,4200,NA,250,2200,NA,46.6666666666667
"815","gwynnda_124","2022","December","17",2.69,15,1200,100,2900,NA,150,1400,NA,44.8333333333333
"816","gwynnda_125","2022","December","19",2.27,15,900,50,1600,NA,80,1000,NA,37.8333333333333
"817","gwynnda_126","2022","December","19",2.5,15,800,48,1200,NA,50,1100,NA,41.6666666666667
"818","gwynnda_127","2022","December","20",2.72,15,480,64,1000,NA,64,900,NA,45.3333333333333
"819","gwynnda_128","2022","December","20",2.74,15,720,80,1800,NA,48,880,NA,45.6666666666667
"820","gwynnda_129","2022","December","23",3.08,15,1600,180,3000,NA,120,1400,NA,51.3333333333333
"821","gwynnda_130","2022","December","30",3.16,15,2400,160,3400,NA,200,2100,NA,52.6666666666667
"822","gwynnda_131","2022","December","30",3.04,15,800,72,2000,NA,80,960,NA,50.6666666666667
"823","gwynnda_132","2022","December","30",3.09,15,500,48,800,NA,50,540,NA,51.5
"824","gwynnda_133","2022","December","30",3.15,15,640,50,1200,NA,36,800,NA,52.5
"825","gwynnda_134","2023","January","03",2.48,15,900,120,2000,NA,80,1000,NA,41.3333333333333
"826","gwynnda_135","2023","January","19",3.2,15,1400,220,1800,NA,75,900,NA,53.3333333333333
"827","gwynnda_136","2023","January","30",3.08,15,2100,180,2400,NA,100,1100,NA,51.3333333333333
"828","gwynnda_137","2023","February","21",2.47,15,1900,210,2700,NA,150,950,NA,41.1666666666667
"829","gwynnda_138","2023","February","21",2.69,15,960,150,2100,NA,90,1000,NA,44.8333333333333
"830","gwynnda_139","2023","March","03",2.41,15,2400,210,2900,NA,140,1400,NA,40.1666666666667
"831","gwynnda_140","2023","March","14",2.91,15,1800,100,3000,NA,80,1600,NA,48.5
"832","gwynnda_141","2023","April","06",2.35,15,2700,240,3200,NA,200,1200,NA,39.1666666666667
"833","gwynnda_142","2023","April","18",3.25,15,1500,120,2400,NA,120,1000,NA,54.1666666666667
"834","gwynnda_143","2023","April","25",3.4,15,930,80,1800,NA,64,960,NA,56.6666666666667
"835","gwynnda_144","2023","April","28",2.81,15,2100,200,2700,NA,180,1500,NA,46.8333333333333
"836","gwynnda_145","2023","May","01",2.85,15,3000,240,3300,NA,270,2000,NA,47.5
"837","gwynnda_146","2023","May","01",3.22,15,1600,110,2100,NA,140,1200,NA,53.6666666666667
"838","gwynnda_147","2023","May","04",3.44,15,1200,5,1800,NA,75,980,NA,57.3333333333333
"839","gwynnda_148","2023","June","08",1.93,15,4100,320,3900,NA,220,2700,NA,32.1666666666667
"840","gwynnda_149","2023","June","28",2.68,15,5400,500,4400,NA,310,2200,NA,44.6666666666667
"841","gwynnda_150","2023","June","29",2.74,15,4400,330,4000,NA,270,3000,NA,45.6666666666667
"842","gwynnda_151","2023","June","29",3.12,15,5000,420,5200,NA,360,2900,NA,52
"843","gwynnda_152","2023","June","29",3.12,15,3400,300,3600,NA,240,2100,NA,52
"844","gwynnda_153","2023","June","29",3.45,15,4900,540,4800,NA,410,3500,NA,57.5
"845","gwynnda_154","2023","June","30",2.88,15,2500,210,3200,NA,300,2700,NA,48
